PCA_Component_1,PCA_Component_2,kategori
-0.0493651587630414,-0.0558845125582832,Sport
-0.0612224496224019,-0.108368790899449,Sport
-0.042975808803691,-0.123068130874872,Sport
-0.0523933257304709,-0.151563853446025,Sport
-0.0414533970478478,-0.0236280787131048,Sport
0.485517848337267,0.085107260470851,Sport
-0.0690454261843315,-0.232893461777433,Sport
-0.0190992787838245,-0.0530840053113029,Sport
-0.0697538091857687,-0.237222659574352,Sport
-0.0196242362186374,-0.147630843723393,Sport
-0.042337614740724,-0.0553555084472729,Sport
-0.0418324503374807,-0.132990881323895,Sport
0.17861553213951,0.00229648590975601,Sport
-0.0716004574866054,-0.232615881632363,Sport
0.360243148220968,0.0551218110521411,Sport
-0.0347025651956113,-0.070289914157453,Sport
0.188855631591938,0.0172542447704825,Sport
-0.120434581285723,-0.02137891597895,Sport
-0.0674581234434438,-0.144773826649389,Sport
-0.0958635822943738,0.0100713193626064,Sport
-0.100404415515573,-0.0789982970847221,Sport
-0.0240538624933893,0.00850672286981911,Sport
-0.0330357851907284,-0.0691902912240086,Sport
0.428839596978805,0.0687488995170763,Sport
-0.00455532883160631,-0.0951375880371182,Sport
-0.0669444720761296,-0.291196177868052,Sport
-0.0191969961771822,-0.20538021802022,Sport
-0.0549787220977651,-0.170622499305783,Sport
0.347418583172628,0.0611442687072463,Sport
-0.0803683604964633,-0.11905445884531,Sport
-0.0225755175464758,-0.0494031891558668,Sport
-0.0964653195324677,-0.206121449140772,Sport
0.517163602298061,0.10565666806976,Sport
0.397122780986861,0.0864885801221741,Sport
0.403210071588113,0.0741324390969809,Sport
0.490441809915585,0.0993900781697695,Sport
0.0132742026174968,-0.0810065752503346,Sport
0.362240414535284,0.0669940754010634,Sport
-0.0541714523779984,-0.122547961128031,Sport
0.00990261331988484,-0.107235227870002,Sport
0.049067035852218,-0.0196628293165145,Sport
-0.05038062641941,-0.183266540615148,Sport
0.562720799165693,0.126224232144693,Sport
0.64452063553985,0.155121424139764,Sport
0.528427129489564,0.118745797201334,Sport
0.509781477106789,0.143573983833939,Sport
0.629655616348512,0.184653068363659,Sport
0.654832722941599,0.191961302313844,Sport
0.594041342197504,0.170152926430375,Sport
0.301267431191551,0.03244447853672,Sport
-0.0796148348120891,-0.198989480602839,Sport
0.193629330374764,0.0202848623711645,Sport
0.0960658718438515,-0.0668754195898895,Sport
0.104526353872626,-0.0336447766091403,Sport
-0.00405257456778931,-0.0788491843153962,Sport
0.028603026127948,-0.0822903679354146,Sport
-0.0473777063122989,-0.15269135754252,Sport
0.0171546530633646,-0.140108481763024,Sport
0.00307213118237584,-0.0603187781072096,Sport
-0.0411947139812608,-0.0814148845364144,Sport
0.129749135313232,-0.0210344282737917,Sport
0.558717620614958,0.131437851688431,Sport
0.583786408884101,0.167105965205872,Sport
0.149412112188987,0.00817731020333605,Sport
0.487016829399244,0.127734992211962,Sport
0.490655254513461,0.109304173035157,Sport
0.18224828921435,0.00877281414224782,Sport
0.375511895230598,0.0421787061918937,Sport
0.238987588034152,-0.00168300961652722,Sport
-0.0324021404974224,-0.121471226854474,Sport
0.234391318895586,0.0278503520113903,Sport
0.0197053977920115,-0.0687473733365284,Sport
-0.0662468468717095,-0.0939436524021981,Sport
-0.029997732978313,-0.140421121494332,Sport
0.0132117433394911,-0.135055775818231,Sport
0.500233936190901,0.134864570819296,Sport
0.0361553501217625,-0.121414418880787,Sport
0.374883360508714,0.0899600581398436,Sport
-0.0504195375833788,-0.215519933907207,Sport
-0.0984583718602359,-0.177525435181382,Sport
0.184504156010536,-0.00267793170963456,Sport
-0.0050030632014068,-0.0181598719982839,Sport
0.351210294477835,0.0444885684218742,Sport
-0.0438126187333465,-0.0764678968039678,Sport
-0.0622814787451538,-0.156094837365677,Sport
0.185585493446458,0.00235078354079023,Sport
-0.0037858979915223,-0.148210384412004,Sport
-0.0491396077389567,-0.0918743555368554,Sport
-0.0549541750086324,-0.227916900244645,Sport
0.0313146963868484,-0.109907789860399,Sport
-0.0963964891581692,-0.124677382917299,Sport
-0.0639540498727393,-0.221344229590399,Sport
-0.0641290303068145,-0.194481451552464,Sport
-0.0679050798458981,-0.192315439054602,Sport
-0.0435914716617624,-0.139953725774632,Sport
-0.0676439011542944,-0.149291414216059,Sport
-0.0559134174574437,-0.228561102778229,Sport
0.0175175229812177,-0.103647687365509,Sport
-0.0437339640620102,-0.141717632630682,Sport
-0.0562800203795755,-0.0930607805440088,Sport
-0.0376797030875151,-0.0455500369078819,Finance
-0.0749732875919201,-0.0432496580692309,Finance
-0.080161762494215,-0.0552585989544115,Finance
-0.290245852105833,0.716174360013055,Finance
-0.205062843817121,0.0203768749403556,Finance
-0.0874433147854378,0.0432788679169594,Finance
-0.0452304856408478,-0.0524476049245103,Finance
-0.0892568908039347,0.0019447490070328,Finance
-0.0475515242097441,-0.0538995760051741,Finance
-0.11164425127522,-0.0240200639614542,Finance
-0.102464852074262,0.0678134441626699,Finance
-0.18995406564656,0.064893814188608,Finance
-0.0476865563610018,-0.0245227961448749,Finance
-0.207392258043712,0.00523631646399014,Finance
-0.0914825072429562,-0.0265535869111179,Finance
-0.08206666270294,-0.0685709484125667,Finance
-0.211254313826286,0.461639489017097,Finance
-0.0452014783918096,-0.0642433272601346,Finance
-0.0658268411522324,-0.0331747799368878,Finance
-0.117764707494457,-0.0228385786766322,Finance
-0.0876293073160343,-0.0495902160621999,Finance
-0.0704121726674754,-0.0349709162380512,Finance
-0.165287960175106,0.000535588354940394,Finance
-0.0622991569986671,-0.043832846156422,Finance
-0.037757141035214,-0.0114823937358534,Finance
-0.116216614860067,-0.0500156033069993,Finance
-0.212322571204936,0.0201174345345283,Finance
-0.199065195637705,0.0813962320389134,Finance
-0.0372924585455904,-0.0523130370061719,Finance
-0.0667954883864574,-0.0402488085122533,Finance
-0.0710610404953654,-0.0467082137101898,Finance
-0.200492311086016,0.389495085104126,Finance
-0.163913812866723,0.0486248888775623,Finance
-0.0722069238739436,-0.0443995338166714,Finance
-0.0774950576218448,-0.0218666312079682,Finance
-0.182347223236567,0.302524832519816,Finance
-0.0662201619828475,-0.042195763115887,Finance
-0.0838219224262936,-0.0424529606646546,Finance
-0.268115565877149,0.629353656403803,Finance
-0.229032401693074,0.0650618637788402,Finance
-0.0734822487985991,0.00899050675643701,Finance
-0.282031564710493,0.674298330832347,Finance
-0.192537565968694,0.398307354727249,Finance
-0.0711760505851449,-0.0463160464550024,Finance
-0.0714193255718339,0.0138474464479258,Finance
-0.254679392262953,0.0775675655371004,Finance
-0.258125968579542,0.61401585210297,Finance
-0.0549342051010309,-0.042800559930642,Finance
-0.257605470330019,0.619536292251939,Finance
-0.259528019407556,0.625617303788259,Finance
-0.2785351881459,0.711922007998727,Finance
-0.0929890383138051,0.0639581609552292,Finance
-0.272163117443802,0.694263878079386,Finance
-0.258295844547166,0.0938940757199945,Finance
-0.0606921311591453,-0.0365715940449817,Finance
-0.0691662674747006,-0.0146549301723469,Finance
-0.0552445364820055,-0.0748135993368082,Finance
-0.143856741928984,-0.000918365707521973,Finance
-0.102349316975273,-0.0191155445963514,Finance
-0.0655209733952576,-0.0456479559845945,Finance
-0.0276491170642316,-0.0389377111540346,Finance
-0.0521505751634053,-0.081454118815762,Finance
-0.0692712164683341,-0.0466249636619359,Finance
-0.0745940868942819,-0.0657898429358922,Finance
-0.0363546934799287,-0.0572355697817859,Finance
-0.0543949547676273,-0.046811133316647,Finance
-0.0751898359674793,-0.0584889954316267,Finance
-0.0747112958272863,-0.00224023985256927,Finance
-0.173525980385215,0.0591113785095848,Finance
-0.0495450006986879,-0.0377065121335561,Finance
-0.149867214417345,0.00532120694425509,Finance
-0.141761728319608,0.040347340001657,Finance
-0.0695346151117546,-0.0374274363112698,Finance
-0.227633048143787,0.0958961614451723,Finance
-0.0889185227545337,-0.0391396414142672,Finance
-0.0532855392472097,-0.0536027100688688,Finance
-0.0558426420723314,-0.0277621847441752,Finance
-0.072869778641081,-0.0203790554899196,Finance
-0.0622884653295649,-0.053487558669852,Finance
-0.154726576245487,-0.0106018815935644,Finance
-0.105011033190164,0.0880094684908893,Finance
-0.203414045605173,0.028229502191806,Finance
-0.0816461880425433,-0.0640458732290097,Finance
-0.068697866180438,-0.0587199527009621,Finance
-0.0735746104479606,-0.0473412666321455,Finance
-0.0900495315158636,0.0249442991989126,Finance
-0.0686712279526233,-0.0385294045053403,Finance
-0.0598961326505335,-0.0567831281195101,Finance
-0.0905157791741901,-0.0275253774286091,Finance
-0.0771235357085759,-0.0333128430758445,Finance
-0.0566635150704693,-0.0662560653423945,Finance
-0.154473267356327,-0.0114200302572691,Finance
-0.0628429540957949,-0.0547560110478109,Finance
-0.0872420270263995,-0.028447123422982,Finance
-0.0773956567876218,-0.0285473972375497,Finance
-0.0862327890334953,-0.0720731495655459,Finance
-0.0812210743787915,-0.042691808670211,Finance
-0.046423311352458,-0.0375391416766643,Finance
-0.0802789475468979,-0.038679990148356,Finance
-0.220477952851184,0.0266889796450077,Finance
